,0,1,2,3,4,5,6,7,8,9
0,7500.0,59.0,190900.0,2.0,72.0,1.0,0.0,2000.0,3.0,1115.0
1,9250.0,80.0,128351.0,3.0,110.0,1.0,0.0,1600.0,5.0,1070.0
2,10950.0,33.0,77321.0,3.0,110.0,1.0,0.0,1600.0,5.0,1075.0
3,10500.0,41.0,22780.0,3.0,86.0,1.0,0.0,1300.0,5.0,1035.0
4,11950.0,35.0,65988.0,3.0,110.0,1.0,0.0,1600.0,3.0,1040.0
5,7750.0,43.0,178858.0,1.0,110.0,0.0,0.0,1600.0,3.0,1084.0
6,8250.0,64.0,150585.0,3.0,110.0,1.0,0.0,1600.0,3.0,1065.0
7,9950.0,79.0,68945.0,3.0,110.0,1.0,0.0,1600.0,5.0,1085.0
8,9950.0,62.0,50000.0,3.0,110.0,1.0,0.0,1600.0,5.0,1075.0
9,9500.0,63.0,103400.0,3.0,110.0,1.0,0.0,1600.0,5.0,1075.0
10,8950.0,76.0,120263.0,2.0,72.0,1.0,0.0,2000.0,5.0,1135.0
11,10500.0,35.0,43000.0,3.0,110.0,0.0,0.0,1600.0,3.0,1050.0
12,9750.0,62.0,37000.0,3.0,86.0,0.0,0.0,1300.0,3.0,1015.0
13,11950.0,40.0,179860.0,2.0,90.0,1.0,0.0,2000.0,5.0,1205.0
14,9250.0,67.0,104000.0,3.0,86.0,0.0,0.0,1300.0,3.0,1020.0
15,6950.0,80.0,143560.0,3.0,86.0,1.0,1.0,1300.0,3.0,1045.0
16,11950.0,37.0,118217.0,3.0,110.0,1.0,0.0,1600.0,5.0,1075.0
17,9950.0,53.0,117913.0,2.0,69.0,1.0,0.0,1900.0,5.0,1110.0
18,7450.0,74.0,112307.0,3.0,110.0,1.0,0.0,1600.0,5.0,1070.0
19,9950.0,63.0,41586.0,3.0,110.0,1.0,0.0,1600.0,5.0,1114.0
20,17950.0,30.0,11090.0,3.0,110.0,1.0,0.0,1600.0,3.0,1120.0
21,12200.0,50.0,82805.0,3.0,110.0,1.0,0.0,1600.0,3.0,1040.0
22,9450.0,62.0,62377.0,3.0,110.0,1.0,0.0,1600.0,5.0,1075.0
23,7250.0,77.0,121545.0,3.0,110.0,1.0,0.0,1600.0,5.0,1070.0
24,7750.0,48.0,140700.0,2.0,69.0,1.0,0.0,1900.0,5.0,1110.0
25,8500.0,67.0,92922.0,2.0,72.0,1.0,0.0,2000.0,4.0,1100.0
26,12950.0,44.0,37389.0,3.0,110.0,1.0,0.0,1600.0,5.0,1080.0
27,9500.0,62.0,59295.0,3.0,86.0,0.0,0.0,1300.0,5.0,1035.0
28,8450.0,64.0,70116.0,3.0,110.0,1.0,0.0,1600.0,4.0,1035.0
29,10500.0,56.0,48731.0,3.0,110.0,1.0,0.0,1600.0,3.0,1055.0
30,8750.0,75.0,63634.0,3.0,110.0,1.0,0.0,1600.0,4.0,1035.0
31,18500.0,7.0,2000.0,3.0,110.0,0.0,0.0,1600.0,5.0,1075.0
32,9500.0,77.0,75799.0,3.0,110.0,1.0,0.0,1600.0,3.0,1050.0
33,7950.0,57.0,72000.0,3.0,86.0,0.0,0.0,1300.0,3.0,1015.0
34,12950.0,43.0,27301.0,3.0,110.0,1.0,0.0,1600.0,3.0,1040.0
35,16950.0,19.0,13748.0,3.0,97.0,1.0,0.0,1400.0,3.0,1100.0
36,8800.0,68.0,66550.0,3.0,86.0,0.0,0.0,1332.0,3.0,1010.0
37,10495.0,48.0,50967.0,3.0,97.0,1.0,0.0,1400.0,5.0,1060.0
38,12750.0,43.0,24553.0,3.0,110.0,1.0,0.0,1600.0,5.0,1080.0
39,9500.0,61.0,92498.0,3.0,110.0,1.0,0.0,1600.0,3.0,1050.0
40,12500.0,49.0,77648.0,3.0,110.0,0.0,0.0,1600.0,4.0,1030.0
41,8950.0,61.0,75609.0,3.0,86.0,1.0,0.0,1300.0,3.0,1015.0
42,11950.0,44.0,29716.0,3.0,110.0,1.0,1.0,1600.0,3.0,1070.0
43,9750.0,68.0,69103.0,3.0,110.0,0.0,0.0,1600.0,4.0,1035.0
44,12900.0,33.0,31000.0,3.0,110.0,1.0,0.0,1600.0,5.0,1075.0
45,8950.0,65.0,62225.0,3.0,110.0,1.0,0.0,1600.0,3.0,1050.0
46,7600.0,78.0,74926.0,3.0,110.0,1.0,0.0,1600.0,5.0,1075.0
47,10250.0,55.0,77780.0,3.0,110.0,0.0,0.0,1600.0,3.0,1040.0
48,7500.0,79.0,49827.0,3.0,86.0,1.0,0.0,1300.0,5.0,1035.0
49,7950.0,78.0,155210.0,3.0,110.0,0.0,0.0,1600.0,3.0,1050.0
50,16250.0,13.0,25170.0,3.0,110.0,1.0,0.0,1600.0,5.0,1105.0
51,10950.0,54.0,39291.0,3.0,110.0,1.0,0.0,1600.0,3.0,1040.0
52,7950.0,74.0,104150.0,3.0,110.0,1.0,0.0,1600.0,3.0,1050.0
53,14900.0,30.0,7000.0,3.0,97.0,1.0,0.0,1400.0,5.0,1100.0
54,9950.0,49.0,131364.0,3.0,110.0,1.0,0.0,1600.0,5.0,1075.0
55,7950.0,75.0,61626.0,3.0,86.0,0.0,0.0,1300.0,5.0,1035.0
56,6900.0,60.0,139800.0,2.0,72.0,0.0,0.0,2000.0,3.0,1115.0
57,9900.0,59.0,46929.0,3.0,86.0,1.0,0.0,1300.0,3.0,1025.0
58,7750.0,77.0,102000.0,3.0,86.0,1.0,0.0,1300.0,3.0,1015.0
59,6900.0,65.0,176184.0,2.0,72.0,1.0,0.0,2000.0,3.0,1115.0
60,8950.0,62.0,70500.0,3.0,110.0,1.0,0.0,1600.0,5.0,1035.0
61,5950.0,69.0,53809.0,3.0,110.0,1.0,0.0,1600.0,3.0,1050.0
62,13950.0,44.0,59000.0,3.0,110.0,0.0,1.0,1600.0,5.0,1110.0
63,8750.0,64.0,98291.0,3.0,86.0,0.0,0.0,1300.0,4.0,1000.0
64,14990.0,33.0,24650.0,3.0,110.0,1.0,0.0,1600.0,3.0,1055.0
65,9995.0,61.0,73894.0,3.0,110.0,1.0,0.0,1600.0,3.0,1065.0
66,9245.0,66.0,22835.0,3.0,110.0,1.0,0.0,1600.0,3.0,1050.0
67,16450.0,20.0,48110.0,3.0,97.0,1.0,0.0,1400.0,3.0,1100.0
68,11500.0,48.0,89049.0,3.0,97.0,1.0,0.0,1400.0,5.0,1060.0
69,12950.0,50.0,45900.0,3.0,110.0,1.0,0.0,1600.0,5.0,1075.0
70,15950.0,30.0,67660.0,3.0,110.0,1.0,0.0,1600.0,3.0,1105.0
71,8750.0,77.0,70124.0,3.0,110.0,1.0,0.0,1600.0,3.0,1050.0
72,7145.0,80.0,74785.0,3.0,110.0,1.0,0.0,1600.0,5.0,1070.0
73,9950.0,63.0,36923.0,3.0,86.0,0.0,0.0,1300.0,5.0,1050.0
74,18700.0,7.0,450.0,3.0,97.0,1.0,0.0,1400.0,5.0,1110.0
75,8000.0,58.0,70560.0,3.0,110.0,1.0,0.0,1600.0,3.0,1050.0
76,8000.0,78.0,77000.0,3.0,110.0,0.0,0.0,1600.0,3.0,1050.0
77,7500.0,71.0,83291.0,3.0,110.0,1.0,0.0,1600.0,5.0,1070.0
78,7400.0,75.0,74096.0,3.0,110.0,1.0,0.0,1600.0,3.0,1050.0
79,10500.0,61.0,123000.0,2.0,72.0,0.0,0.0,2000.0,5.0,1135.0
80,11750.0,42.0,38078.0,3.0,97.0,0.0,0.0,1400.0,3.0,1025.0
81,7500.0,76.0,70039.0,3.0,110.0,1.0,0.0,1600.0,3.0,1050.0
82,16868.0,15.0,13157.0,3.0,97.0,1.0,0.0,1400.0,4.0,1085.0
83,8950.0,60.0,40000.0,3.0,86.0,1.0,0.0,1300.0,4.0,1000.0
84,8950.0,48.0,98100.0,2.0,69.0,1.0,0.0,1900.0,5.0,1140.0
85,8950.0,75.0,57537.0,3.0,86.0,1.0,0.0,1300.0,5.0,1050.0
86,9950.0,75.0,69320.0,3.0,110.0,1.0,0.0,1600.0,5.0,1070.0
87,12950.0,35.0,33258.0,3.0,110.0,1.0,0.0,1600.0,5.0,1075.0
88,7300.0,80.0,92096.0,3.0,86.0,1.0,0.0,1300.0,5.0,1035.0
89,10950.0,57.0,118833.0,3.0,110.0,0.0,0.0,1600.0,3.0,1065.0
90,8950.0,62.0,64966.0,3.0,86.0,0.0,0.0,1300.0,3.0,1020.0
91,11900.0,47.0,102352.0,3.0,110.0,1.0,0.0,1600.0,5.0,1080.0
92,8250.0,79.0,84966.0,3.0,110.0,0.0,0.0,1600.0,5.0,1070.0
93,6425.0,79.0,99397.0,3.0,86.0,0.0,0.0,1300.0,5.0,1035.0
94,9750.0,58.0,82254.0,3.0,110.0,0.0,0.0,1600.0,5.0,1050.0
95,11500.0,46.0,34000.0,3.0,110.0,1.0,0.0,1600.0,5.0,1075.0
96,7750.0,60.0,130270.0,3.0,110.0,0.0,0.0,1600.0,3.0,1050.0
97,10000.0,57.0,28000.0,3.0,86.0,0.0,0.0,1300.0,3.0,1015.0
98,22000.0,28.0,18739.0,3.0,192.0,0.0,0.0,1800.0,3.0,1185.0
99,9550.0,54.0,46856.0,3.0,97.0,0.0,0.0,1400.0,5.0,1060.0
100,7950.0,60.0,80000.0,3.0,86.0,0.0,0.0,1300.0,5.0,1015.0
101,9950.0,46.0,68414.0,3.0,97.0,0.0,0.0,1400.0,3.0,1025.0
102,5950.0,71.0,75085.0,3.0,86.0,0.0,0.0,1300.0,5.0,1035.0
103,8450.0,68.0,81965.0,3.0,86.0,1.0,0.0,1300.0,5.0,1035.0
104,6950.0,43.0,243000.0,2.0,69.0,0.0,0.0,1900.0,3.0,1110.0
105,10500.0,57.0,54000.0,3.0,110.0,1.0,0.0,1600.0,5.0,1075.0
106,8250.0,76.0,67266.0,3.0,86.0,1.0,0.0,1300.0,5.0,1035.0
107,22250.0,20.0,37500.0,2.0,90.0,1.0,0.0,2000.0,3.0,1260.0
108,11950.0,42.0,55968.0,3.0,110.0,0.0,0.0,1600.0,3.0,1050.0
109,6750.0,69.0,60050.0,3.0,110.0,1.0,0.0,1600.0,3.0,1050.0
110,8600.0,69.0,57096.0,3.0,86.0,1.0,0.0,1300.0,3.0,1025.0
111,9450.0,61.0,59000.0,3.0,110.0,1.0,0.0,1600.0,5.0,1070.0
112,8950.0,79.0,66855.0,3.0,110.0,1.0,0.0,1600.0,5.0,1075.0
113,7500.0,74.0,58454.0,3.0,86.0,1.0,0.0,1300.0,3.0,1015.0
114,10950.0,63.0,54936.0,3.0,110.0,1.0,0.0,1600.0,5.0,1075.0
115,9250.0,78.0,69000.0,3.0,110.0,1.0,0.0,1600.0,5.0,1075.0
116,12750.0,40.0,50640.0,3.0,110.0,1.0,0.0,1600.0,5.0,1075.0
117,13500.0,43.0,48000.0,3.0,110.0,1.0,0.0,1600.0,5.0,1075.0
118,13950.0,43.0,39650.0,3.0,110.0,0.0,0.0,1600.0,3.0,1055.0
119,9950.0,65.0,55061.0,3.0,110.0,1.0,0.0,1600.0,5.0,1070.0
120,11710.0,48.0,35142.0,3.0,110.0,0.0,0.0,1600.0,3.0,1055.0
121,8750.0,66.0,62135.0,3.0,86.0,1.0,0.0,1300.0,5.0,1035.0
122,9950.0,58.0,115715.0,3.0,110.0,0.0,0.0,1600.0,5.0,1070.0
123,10450.0,58.0,30634.0,3.0,110.0,1.0,0.0,1600.0,5.0,1075.0
124,11950.0,54.0,77270.0,3.0,110.0,1.0,0.0,1600.0,4.0,1035.0
125,7950.0,72.0,75840.0,3.0,86.0,0.0,0.0,1300.0,5.0,1035.0
126,18750.0,31.0,36544.0,3.0,110.0,1.0,0.0,1600.0,5.0,1130.0
127,9250.0,67.0,56074.0,3.0,86.0,0.0,0.0,1300.0,4.0,1000.0
128,9000.0,80.0,74196.0,3.0,110.0,0.0,0.0,1600.0,5.0,1075.0
129,5950.0,79.0,71263.0,3.0,86.0,0.0,0.0,1300.0,3.0,1015.0
130,4750.0,44.0,131273.0,2.0,69.0,1.0,0.0,1800.0,5.0,1110.0
131,9950.0,64.0,58136.0,3.0,110.0,1.0,0.0,1600.0,5.0,1075.0
132,6750.0,74.0,104000.0,3.0,86.0,1.0,0.0,1300.0,3.0,1010.0
133,10950.0,49.0,107859.0,3.0,97.0,0.0,0.0,1400.0,5.0,1060.0
134,8950.0,59.0,98658.0,3.0,86.0,1.0,0.0,1300.0,3.0,1020.0
135,6490.0,80.0,100123.0,3.0,110.0,1.0,0.0,1600.0,3.0,1050.0
136,14350.0,41.0,24475.0,3.0,110.0,1.0,0.0,1600.0,5.0,1030.0
137,8950.0,66.0,39222.0,3.0,86.0,1.0,1.0,1300.0,3.0,1045.0
138,6990.0,79.0,95700.0,3.0,110.0,0.0,0.0,1600.0,5.0,1085.0
139,9950.0,66.0,120000.0,2.0,72.0,0.0,0.0,2000.0,4.0,1100.0
140,7450.0,70.0,61510.0,3.0,110.0,0.0,0.0,1600.0,4.0,1035.0
141,9400.0,69.0,67092.0,2.0,72.0,1.0,0.0,2000.0,3.0,1115.0
142,22250.0,17.0,57313.0,2.0,110.0,1.0,0.0,2000.0,5.0,1275.0
143,8950.0,68.0,95000.0,3.0,110.0,0.0,0.0,1600.0,3.0,1050.0
144,7950.0,76.0,71000.0,3.0,110.0,1.0,0.0,1600.0,3.0,1050.0
145,8950.0,70.0,68000.0,3.0,86.0,1.0,1.0,1300.0,3.0,1045.0
146,9950.0,37.0,44757.0,3.0,97.0,0.0,0.0,1400.0,3.0,1025.0
147,7750.0,74.0,56132.0,3.0,110.0,0.0,0.0,1600.0,4.0,1035.0
148,8950.0,71.0,83047.0,3.0,86.0,1.0,1.0,1300.0,3.0,1045.0
149,9950.0,63.0,89000.0,3.0,110.0,1.0,0.0,1600.0,5.0,1085.0
150,19250.0,20.0,63000.0,2.0,90.0,1.0,0.0,2000.0,5.0,1255.0
151,7750.0,75.0,82256.0,3.0,110.0,1.0,0.0,1600.0,3.0,1050.0
152,19950.0,17.0,30351.0,2.0,90.0,1.0,0.0,1995.0,3.0,1260.0
153,6900.0,59.0,144521.0,2.0,72.0,1.0,0.0,2000.0,5.0,1135.0
154,6900.0,76.0,115345.0,3.0,110.0,1.0,0.0,1600.0,5.0,1070.0
155,9950.0,65.0,31588.0,3.0,86.0,1.0,0.0,1300.0,3.0,1015.0
156,7750.0,73.0,34717.0,3.0,86.0,0.0,0.0,1300.0,3.0,1015.0
157,11250.0,47.0,5309.0,3.0,110.0,1.0,1.0,1600.0,3.0,1070.0
158,9950.0,54.0,49366.0,3.0,97.0,1.0,0.0,1400.0,3.0,1025.0
159,5950.0,73.0,176177.0,3.0,110.0,1.0,0.0,1600.0,5.0,1075.0
160,7400.0,80.0,65950.0,3.0,110.0,0.0,0.0,1600.0,5.0,1070.0
161,8250.0,64.0,82723.0,3.0,86.0,0.0,0.0,1300.0,3.0,1015.0
162,8950.0,80.0,83540.0,3.0,110.0,1.0,0.0,1600.0,5.0,1070.0
163,8900.0,64.0,73300.0,3.0,86.0,1.0,0.0,1300.0,3.0,1015.0
164,5845.0,70.0,60600.0,3.0,86.0,0.0,0.0,1300.0,3.0,1060.0
165,8950.0,73.0,84402.0,3.0,110.0,1.0,0.0,1600.0,4.0,1035.0
166,12950.0,39.0,34599.0,3.0,110.0,1.0,0.0,1600.0,5.0,1075.0
167,7950.0,78.0,91399.0,3.0,110.0,1.0,0.0,1600.0,5.0,1070.0
168,11250.0,61.0,61144.0,3.0,110.0,1.0,0.0,1600.0,5.0,1090.0
169,8900.0,78.0,57628.0,3.0,110.0,0.0,0.0,1600.0,5.0,1075.0
170,7950.0,73.0,103121.0,3.0,86.0,1.0,0.0,1300.0,5.0,1035.0
171,11950.0,40.0,17051.0,3.0,97.0,0.0,0.0,1400.0,5.0,1060.0
172,7950.0,79.0,72328.0,3.0,110.0,1.0,0.0,1600.0,5.0,1075.0
173,9500.0,54.0,62519.0,3.0,97.0,0.0,0.0,1400.0,3.0,1025.0
174,10995.0,50.0,41273.0,3.0,97.0,0.0,0.0,1400.0,5.0,1060.0
175,11750.0,42.0,55400.0,3.0,110.0,0.0,0.0,1600.0,5.0,1075.0
176,10990.0,53.0,70239.0,3.0,110.0,0.0,0.0,1600.0,3.0,1040.0
177,8450.0,70.0,89983.0,3.0,110.0,0.0,0.0,1600.0,3.0,1055.0
178,10450.0,65.0,33000.0,3.0,110.0,0.0,0.0,1600.0,3.0,1050.0
179,9695.0,57.0,43000.0,3.0,110.0,0.0,0.0,1600.0,5.0,1075.0
180,7500.0,78.0,71186.0,3.0,110.0,0.0,0.0,1600.0,3.0,1050.0
181,13500.0,42.0,38932.0,3.0,110.0,1.0,0.0,1600.0,3.0,1040.0
182,8950.0,61.0,81170.0,3.0,110.0,1.0,0.0,1600.0,4.0,1040.0
183,9450.0,59.0,70218.0,3.0,110.0,1.0,0.0,1600.0,3.0,1050.0
184,13500.0,43.0,55539.0,3.0,110.0,1.0,0.0,1600.0,5.0,1085.0
185,13450.0,33.0,51945.0,3.0,110.0,1.0,0.0,1600.0,5.0,1075.0
186,9750.0,58.0,105942.0,3.0,86.0,0.0,0.0,1300.0,5.0,1040.0
187,7900.0,75.0,43720.0,3.0,110.0,1.0,0.0,1600.0,5.0,1070.0
188,7995.0,65.0,60724.0,3.0,86.0,1.0,0.0,1300.0,3.0,1015.0
189,13750.0,39.0,40000.0,3.0,110.0,1.0,0.0,1600.0,3.0,1055.0
190,9130.0,67.0,79762.0,3.0,86.0,1.0,0.0,1300.0,3.0,1015.0
191,8250.0,72.0,93066.0,3.0,110.0,1.0,0.0,1600.0,5.0,1075.0
192,7950.0,80.0,35821.0,3.0,86.0,0.0,1.0,1300.0,3.0,1015.0
193,6400.0,51.0,198167.0,2.0,69.0,0.0,0.0,1900.0,4.0,1095.0
194,8250.0,69.0,44826.0,3.0,110.0,0.0,0.0,1600.0,5.0,1075.0
195,6950.0,77.0,82103.0,3.0,86.0,1.0,0.0,1300.0,3.0,1015.0
196,10950.0,47.0,45850.0,3.0,97.0,0.0,0.0,1400.0,5.0,1060.0
197,6950.0,72.0,99245.0,3.0,110.0,1.0,0.0,1600.0,5.0,1114.0
198,19500.0,14.0,6500.0,3.0,110.0,1.0,0.0,1600.0,4.0,1100.0
199,8250.0,73.0,128006.0,3.0,110.0,1.0,0.0,1600.0,3.0,1050.0
200,10250.0,54.0,47852.0,3.0,110.0,1.0,0.0,1600.0,4.0,1030.0
201,10950.0,58.0,63870.0,2.0,72.0,0.0,0.0,2000.0,5.0,1135.0
202,12950.0,50.0,29686.0,3.0,110.0,1.0,1.0,1600.0,3.0,1075.0
203,11950.0,50.0,72242.0,3.0,110.0,0.0,1.0,1600.0,3.0,1070.0
204,11000.0,41.0,33000.0,3.0,110.0,1.0,1.0,1600.0,5.0,1075.0
205,11450.0,37.0,21500.0,3.0,110.0,1.0,0.0,1600.0,5.0,1030.0
206,5800.0,78.0,161775.0,3.0,86.0,1.0,0.0,1300.0,3.0,1015.0
207,8950.0,71.0,72128.0,3.0,107.0,1.0,1.0,1600.0,5.0,1100.0
208,14950.0,42.0,29640.0,3.0,110.0,0.0,0.0,1600.0,3.0,1055.0
209,8900.0,66.0,76791.0,3.0,110.0,1.0,0.0,1600.0,5.0,1070.0
210,9895.0,68.0,102494.0,3.0,110.0,0.0,0.0,1600.0,5.0,1090.0
211,9500.0,62.0,49258.0,3.0,110.0,1.0,0.0,1600.0,4.0,1035.0
212,10950.0,52.0,36000.0,3.0,110.0,1.0,0.0,1600.0,5.0,1075.0
213,7250.0,78.0,87000.0,3.0,110.0,1.0,0.0,1600.0,4.0,1035.0
214,11695.0,43.0,33113.0,3.0,110.0,1.0,0.0,1600.0,5.0,1075.0
215,9475.0,48.0,56675.0,3.0,97.0,1.0,0.0,1400.0,3.0,1025.0
216,8950.0,61.0,100748.0,3.0,110.0,0.0,0.0,1600.0,5.0,1070.0
217,7950.0,60.0,61100.0,3.0,86.0,1.0,0.0,1300.0,3.0,1015.0
218,11750.0,47.0,73403.0,3.0,110.0,1.0,0.0,1600.0,5.0,1075.0
219,18900.0,11.0,12500.0,3.0,110.0,1.0,0.0,1600.0,5.0,1115.0
220,8900.0,45.0,174000.0,2.0,69.0,1.0,0.0,1900.0,5.0,1095.0
221,9995.0,57.0,55844.0,3.0,86.0,1.0,0.0,1300.0,5.0,1045.0
222,12500.0,40.0,85389.0,3.0,110.0,1.0,0.0,1600.0,5.0,1075.0
223,9950.0,80.0,69904.0,3.0,110.0,0.0,0.0,1600.0,5.0,1070.0
224,10250.0,53.0,143513.0,2.0,69.0,0.0,0.0,1900.0,5.0,1140.0
225,8950.0,68.0,54875.0,3.0,110.0,1.0,0.0,1600.0,5.0,1070.0
226,8150.0,65.0,87821.0,3.0,86.0,1.0,0.0,1300.0,3.0,1015.0
227,9950.0,63.0,59000.0,3.0,86.0,1.0,0.0,1300.0,5.0,1035.0
228,9390.0,66.0,50806.0,3.0,86.0,0.0,0.0,1300.0,3.0,1480.0
229,7900.0,50.0,99865.0,3.0,110.0,1.0,0.0,1600.0,4.0,1035.0
230,8750.0,65.0,91246.0,3.0,86.0,1.0,0.0,1300.0,3.0,1015.0
231,7450.0,76.0,154900.0,2.0,72.0,1.0,0.0,2000.0,5.0,1140.0
232,6950.0,73.0,88186.0,2.0,72.0,1.0,0.0,2000.0,3.0,1115.0
233,16950.0,27.0,110404.0,2.0,90.0,0.0,0.0,2000.0,5.0,1255.0
234,8250.0,63.0,44944.0,3.0,110.0,1.0,0.0,1600.0,4.0,1035.0
235,13450.0,34.0,48011.0,3.0,110.0,1.0,0.0,1600.0,4.0,1030.0
236,5750.0,73.0,115877.0,3.0,110.0,0.0,0.0,1600.0,4.0,1035.0
237,8950.0,57.0,52548.0,3.0,110.0,0.0,0.0,1600.0,3.0,1050.0
238,11450.0,51.0,49473.0,3.0,110.0,0.0,0.0,1600.0,3.0,1055.0
239,8250.0,80.0,57787.0,3.0,86.0,0.0,0.0,1300.0,3.0,1015.0
240,11500.0,55.0,33230.0,3.0,110.0,0.0,0.0,1600.0,3.0,1050.0
241,7200.0,75.0,88000.0,3.0,110.0,1.0,0.0,1600.0,3.0,1050.0
242,8950.0,73.0,97494.0,3.0,110.0,1.0,0.0,1600.0,5.0,1085.0
243,19500.0,12.0,13634.0,3.0,110.0,1.0,0.0,1600.0,5.0,1115.0
244,7450.0,80.0,49580.0,3.0,110.0,1.0,0.0,1600.0,4.0,1035.0
245,9250.0,74.0,96000.0,3.0,110.0,1.0,0.0,1600.0,5.0,1085.0
246,6750.0,73.0,156169.0,3.0,86.0,1.0,0.0,1300.0,5.0,1035.0
247,10950.0,39.0,48945.0,3.0,110.0,0.0,0.0,1600.0,3.0,1040.0
248,13750.0,39.0,25062.0,3.0,110.0,1.0,0.0,1600.0,5.0,1080.0
249,8250.0,72.0,86860.0,3.0,110.0,0.0,0.0,1600.0,5.0,1075.0
250,8450.0,75.0,101159.0,3.0,110.0,1.0,0.0,1600.0,5.0,1085.0
251,21950.0,8.0,5000.0,3.0,110.0,1.0,0.0,1600.0,5.0,1130.0
252,15950.0,28.0,29206.0,3.0,97.0,1.0,0.0,1400.0,5.0,1110.0
253,10295.0,67.0,62316.0,3.0,110.0,1.0,0.0,1600.0,3.0,1050.0
254,7250.0,71.0,127159.0,2.0,72.0,1.0,0.0,2000.0,3.0,1115.0
255,10750.0,46.0,69574.0,3.0,97.0,0.0,0.0,1400.0,5.0,1065.0
256,9950.0,62.0,109547.0,3.0,110.0,0.0,0.0,1600.0,5.0,1075.0
257,9500.0,68.0,110287.0,3.0,110.0,1.0,0.0,1600.0,3.0,1050.0
258,8750.0,65.0,45549.0,3.0,86.0,1.0,0.0,1300.0,3.0,1015.0
259,12950.0,39.0,45081.0,3.0,110.0,1.0,0.0,1600.0,5.0,1075.0
260,15950.0,20.0,36000.0,3.0,110.0,1.0,0.0,1600.0,5.0,1075.0
261,13950.0,22.0,46961.0,3.0,97.0,0.0,0.0,1400.0,3.0,1100.0
262,7450.0,75.0,91082.0,3.0,110.0,1.0,0.0,1600.0,3.0,1050.0
263,13250.0,41.0,81106.0,2.0,69.0,1.0,0.0,1900.0,5.0,1140.0
264,12450.0,42.0,64564.0,3.0,110.0,1.0,0.0,1600.0,5.0,1080.0
265,10500.0,52.0,31579.0,3.0,97.0,0.0,0.0,1400.0,3.0,1025.0
266,7750.0,68.0,53000.0,3.0,86.0,0.0,0.0,1300.0,3.0,1015.0
267,9250.0,68.0,84976.0,3.0,110.0,1.0,0.0,1600.0,4.0,1035.0
268,8900.0,61.0,79000.0,3.0,110.0,1.0,0.0,1600.0,3.0,1050.0
269,9450.0,70.0,85470.0,3.0,107.0,0.0,1.0,1600.0,3.0,1080.0
270,11950.0,49.0,40836.0,3.0,110.0,0.0,1.0,1600.0,3.0,1075.0
271,6750.0,80.0,66168.0,3.0,86.0,1.0,0.0,1300.0,3.0,1015.0
272,8500.0,60.0,61977.0,3.0,86.0,1.0,0.0,1300.0,3.0,1015.0
273,11925.0,44.0,63451.0,3.0,97.0,0.0,0.0,1400.0,3.0,1025.0
274,9750.0,68.0,62292.0,3.0,110.0,1.0,0.0,1600.0,3.0,1065.0
275,9500.0,55.0,69813.0,3.0,97.0,1.0,0.0,1400.0,3.0,1025.0
276,9900.0,68.0,75000.0,3.0,110.0,1.0,0.0,1600.0,5.0,1075.0
277,12995.0,32.0,29198.0,3.0,97.0,1.0,0.0,1400.0,5.0,1060.0
278,13995.0,35.0,18000.0,3.0,110.0,1.0,0.0,1600.0,5.0,1075.0
279,8750.0,67.0,83560.0,3.0,86.0,0.0,0.0,1300.0,3.0,1015.0
280,16250.0,19.0,19200.0,3.0,97.0,1.0,0.0,1400.0,3.0,1100.0
281,20500.0,26.0,56000.0,3.0,110.0,1.0,1.0,1600.0,5.0,1180.0
282,10450.0,61.0,80714.0,3.0,110.0,1.0,0.0,1600.0,5.0,1075.0
283,8750.0,69.0,75000.0,3.0,86.0,1.0,0.0,1300.0,4.0,1000.0
284,19950.0,13.0,21428.0,3.0,110.0,1.0,0.0,1600.0,5.0,1130.0
285,11290.0,49.0,80320.0,3.0,110.0,1.0,1.0,1600.0,3.0,1070.0
286,8750.0,61.0,38019.0,3.0,110.0,1.0,0.0,1600.0,5.0,1070.0
287,18950.0,49.0,49568.0,3.0,110.0,1.0,0.0,1600.0,3.0,1105.0
288,7950.0,64.0,154462.0,2.0,72.0,1.0,0.0,2000.0,5.0,1135.0
289,8250.0,80.0,58267.0,3.0,110.0,1.0,0.0,1600.0,5.0,1070.0
290,8950.0,59.0,56259.0,3.0,86.0,0.0,0.0,1300.0,3.0,1015.0
291,7950.0,75.0,58341.0,3.0,86.0,1.0,1.0,1300.0,4.0,1030.0
292,10500.0,65.0,93428.0,3.0,110.0,1.0,0.0,1600.0,5.0,1075.0
293,6500.0,78.0,130000.0,3.0,86.0,0.0,0.0,1300.0,5.0,1015.0
294,9950.0,78.0,30964.0,3.0,110.0,0.0,1.0,1600.0,3.0,1080.0
295,7200.0,79.0,93090.0,3.0,86.0,1.0,0.0,1300.0,5.0,1035.0
296,12000.0,39.0,50000.0,3.0,97.0,1.0,0.0,1400.0,5.0,1060.0
297,8500.0,58.0,47171.0,3.0,86.0,1.0,0.0,1300.0,3.0,1015.0
298,10995.0,59.0,87654.0,3.0,86.0,1.0,1.0,1300.0,5.0,1065.0
299,11950.0,56.0,66777.0,3.0,110.0,0.0,0.0,1600.0,5.0,1090.0
300,16950.0,26.0,32181.0,3.0,110.0,1.0,0.0,1600.0,5.0,1075.0
301,8500.0,77.0,45507.0,3.0,110.0,1.0,0.0,1600.0,3.0,1050.0
302,14950.0,26.0,48000.0,2.0,90.0,0.0,0.0,2000.0,3.0,1165.0
303,7950.0,76.0,59815.0,3.0,110.0,1.0,0.0,1587.0,3.0,1055.0
304,18750.0,11.0,24500.0,3.0,110.0,1.0,0.0,1600.0,3.0,1120.0
305,9400.0,54.0,50000.0,3.0,97.0,1.0,0.0,1400.0,3.0,1025.0
306,6750.0,76.0,57263.0,3.0,110.0,1.0,0.0,1600.0,3.0,1050.0
307,8950.0,65.0,60000.0,3.0,86.0,1.0,0.0,1300.0,3.0,1015.0
308,9250.0,73.0,68988.0,3.0,86.0,1.0,0.0,1300.0,5.0,1035.0
309,8750.0,73.0,56307.0,3.0,110.0,1.0,0.0,1600.0,3.0,1050.0
310,8950.0,58.0,133405.0,2.0,72.0,1.0,0.0,2000.0,5.0,1135.0
311,10950.0,65.0,64630.0,3.0,110.0,0.0,0.0,1600.0,5.0,1070.0
312,10500.0,65.0,68000.0,3.0,110.0,0.0,0.0,1600.0,5.0,1075.0
313,9500.0,58.0,73172.0,3.0,110.0,1.0,0.0,1600.0,5.0,1075.0
314,8950.0,62.0,125175.0,2.0,116.0,0.0,0.0,2000.0,5.0,1150.0
315,9450.0,52.0,104805.0,3.0,97.0,1.0,0.0,1400.0,3.0,1025.0
316,15950.0,19.0,25948.0,3.0,97.0,1.0,0.0,1400.0,3.0,1100.0
317,6950.0,77.0,77000.0,3.0,86.0,0.0,0.0,1300.0,3.0,1015.0
318,10500.0,58.0,25000.0,3.0,110.0,1.0,0.0,1600.0,5.0,1075.0
319,10950.0,50.0,74849.0,3.0,110.0,1.0,1.0,1600.0,4.0,1060.0
320,13950.0,44.0,39516.0,3.0,97.0,1.0,0.0,1400.0,5.0,1060.0
321,16750.0,24.0,25563.0,3.0,110.0,0.0,0.0,1600.0,3.0,1065.0
322,9750.0,67.0,64613.0,3.0,110.0,1.0,0.0,1600.0,5.0,1085.0
323,8700.0,75.0,109540.0,3.0,110.0,0.0,0.0,1600.0,5.0,1085.0
324,7450.0,70.0,47955.0,3.0,110.0,1.0,0.0,1600.0,5.0,1070.0
325,7250.0,69.0,49640.0,3.0,110.0,1.0,0.0,1600.0,4.0,1035.0
326,19950.0,28.0,28000.0,3.0,110.0,0.0,0.0,1600.0,5.0,1130.0
327,9900.0,73.0,59240.0,3.0,110.0,1.0,0.0,1600.0,3.0,1050.0
328,10900.0,60.0,70453.0,2.0,72.0,0.0,0.0,2000.0,5.0,1135.0
329,12950.0,50.0,10210.0,3.0,97.0,0.0,0.0,1400.0,5.0,1065.0
330,15950.0,25.0,28450.0,3.0,110.0,1.0,0.0,1600.0,3.0,1120.0
331,11950.0,44.0,52000.0,3.0,97.0,0.0,0.0,1400.0,3.0,1025.0
332,12950.0,40.0,38653.0,3.0,110.0,1.0,0.0,1600.0,5.0,1080.0
333,9750.0,67.0,67110.0,3.0,86.0,1.0,0.0,1300.0,5.0,1035.0
334,8150.0,76.0,36537.0,3.0,110.0,0.0,1.0,1600.0,4.0,1075.0
335,8950.0,79.0,93039.0,3.0,110.0,1.0,0.0,1600.0,3.0,1050.0
336,7950.0,74.0,84123.0,3.0,110.0,0.0,0.0,1600.0,3.0,1050.0
337,9950.0,51.0,96135.0,2.0,72.0,0.0,0.0,2000.0,3.0,1115.0
338,7950.0,73.0,107108.0,3.0,110.0,1.0,0.0,1600.0,3.0,1050.0
339,8750.0,76.0,49170.0,3.0,86.0,0.0,0.0,1300.0,3.0,1045.0
340,15950.0,19.0,29435.0,3.0,97.0,1.0,0.0,1400.0,3.0,1100.0
341,7850.0,72.0,88500.0,3.0,110.0,1.0,0.0,1600.0,5.0,1075.0
342,9950.0,42.0,105699.0,3.0,97.0,1.0,0.0,1400.0,3.0,1025.0
343,16500.0,20.0,29000.0,3.0,97.0,0.0,0.0,1400.0,5.0,1110.0
344,11950.0,40.0,73042.0,3.0,110.0,1.0,0.0,1598.0,5.0,1075.0
345,21950.0,19.0,50005.0,2.0,110.0,1.0,0.0,2000.0,3.0,1265.0
346,12250.0,60.0,96000.0,2.0,72.0,0.0,0.0,2000.0,4.0,1100.0
347,8500.0,80.0,70597.0,3.0,107.0,1.0,1.0,1600.0,3.0,1080.0
348,8750.0,66.0,81083.0,3.0,86.0,0.0,0.0,1300.0,3.0,1015.0
349,9500.0,59.0,71366.0,3.0,110.0,0.0,0.0,1600.0,3.0,1065.0
350,11950.0,41.0,34000.0,3.0,110.0,1.0,0.0,1600.0,5.0,1075.0
351,6950.0,80.0,84000.0,3.0,110.0,0.0,0.0,1600.0,5.0,1075.0
352,9900.0,67.0,49585.0,3.0,110.0,0.0,0.0,1600.0,5.0,1085.0
353,8750.0,68.0,61504.0,3.0,110.0,1.0,0.0,1600.0,4.0,1035.0
354,14990.0,38.0,46327.0,3.0,110.0,1.0,0.0,1600.0,3.0,1055.0
355,10950.0,50.0,82735.0,3.0,97.0,1.0,0.0,1400.0,3.0,1030.0
356,13250.0,33.0,16512.0,3.0,97.0,1.0,0.0,1400.0,5.0,1085.0
357,17650.0,11.0,6155.0,3.0,97.0,1.0,0.0,1400.0,5.0,1110.0
358,7950.0,73.0,87000.0,3.0,86.0,1.0,0.0,1300.0,3.0,1015.0
359,8950.0,62.0,75569.0,2.0,72.0,1.0,0.0,2000.0,3.0,1120.0
360,9250.0,53.0,90097.0,2.0,69.0,1.0,0.0,1900.0,5.0,1140.0
361,9750.0,70.0,57829.0,3.0,110.0,0.0,0.0,1600.0,3.0,1050.0
362,12950.0,29.0,9750.0,3.0,97.0,1.0,0.0,1400.0,3.0,1100.0
363,9950.0,59.0,80430.0,3.0,110.0,1.0,0.0,1600.0,3.0,1065.0
364,11950.0,40.0,161000.0,2.0,69.0,1.0,0.0,1900.0,3.0,1105.0
365,12950.0,40.0,45886.0,3.0,110.0,1.0,0.0,1600.0,5.0,1080.0
366,7750.0,76.0,60833.0,3.0,110.0,1.0,0.0,1600.0,4.0,1035.0
367,10950.0,62.0,80000.0,3.0,110.0,0.0,0.0,1600.0,5.0,1075.0
368,11500.0,54.0,55877.0,3.0,110.0,1.0,0.0,1600.0,5.0,1075.0
369,8950.0,72.0,71054.0,3.0,86.0,0.0,1.0,1300.0,3.0,1045.0
370,12750.0,43.0,46515.0,3.0,97.0,0.0,0.0,1400.0,5.0,1025.0
371,14750.0,27.0,27500.0,3.0,97.0,0.0,0.0,1400.0,3.0,1100.0
372,4450.0,56.0,129155.0,2.0,69.0,0.0,0.0,1800.0,5.0,1110.0
373,16950.0,29.0,43905.0,3.0,110.0,0.0,1.0,1600.0,3.0,1170.0
374,11650.0,38.0,60829.0,3.0,110.0,1.0,0.0,1600.0,5.0,1075.0
375,7950.0,71.0,164000.0,3.0,110.0,1.0,0.0,1600.0,3.0,1050.0
376,7450.0,77.0,122290.0,3.0,110.0,0.0,0.0,1600.0,3.0,1050.0
377,9750.0,52.0,89000.0,3.0,110.0,0.0,0.0,1600.0,5.0,1075.0
378,19950.0,7.0,6250.0,3.0,110.0,1.0,0.0,1600.0,5.0,1115.0
379,12950.0,35.0,46304.0,3.0,97.0,1.0,0.0,1400.0,5.0,1060.0
380,7250.0,65.0,117609.0,3.0,86.0,0.0,0.0,1300.0,3.0,1015.0
381,8250.0,70.0,59017.0,3.0,107.0,1.0,1.0,1600.0,3.0,1080.0
382,10750.0,36.0,36269.0,3.0,110.0,1.0,0.0,1600.0,5.0,1075.0
383,10450.0,50.0,17619.0,3.0,110.0,0.0,0.0,1600.0,4.0,1030.0
384,6900.0,80.0,65307.0,3.0,110.0,1.0,0.0,1600.0,3.0,1055.0
385,6900.0,69.0,146304.0,2.0,72.0,1.0,0.0,2000.0,3.0,1115.0
386,10950.0,59.0,78750.0,2.0,90.0,1.0,0.0,1975.0,5.0,1155.0
387,8450.0,69.0,74573.0,3.0,110.0,1.0,0.0,1600.0,5.0,1085.0
388,9900.0,56.0,62751.0,3.0,110.0,0.0,0.0,1600.0,3.0,1050.0
389,7950.0,71.0,82700.0,3.0,110.0,0.0,0.0,1600.0,3.0,1050.0
390,19600.0,25.0,32189.0,3.0,192.0,0.0,0.0,1800.0,3.0,1185.0
391,9900.0,68.0,93296.0,3.0,110.0,1.0,0.0,1600.0,5.0,1090.0
392,11950.0,37.0,82743.0,1.0,110.0,1.0,0.0,1600.0,5.0,1121.0
393,9750.0,48.0,78600.0,3.0,110.0,1.0,0.0,1600.0,5.0,1075.0
394,9950.0,67.0,42102.0,3.0,110.0,1.0,0.0,1600.0,5.0,1075.0
395,7750.0,59.0,154783.0,2.0,72.0,1.0,0.0,2000.0,3.0,1120.0
396,9750.0,68.0,77695.0,3.0,110.0,1.0,0.0,1600.0,4.0,1035.0
397,10500.0,61.0,66259.0,3.0,110.0,1.0,0.0,1600.0,3.0,1065.0
398,9900.0,62.0,57179.0,3.0,110.0,1.0,0.0,1600.0,5.0,1075.0
399,11950.0,42.0,61300.0,3.0,97.0,1.0,0.0,1400.0,3.0,1030.0
400,12450.0,38.0,26262.0,3.0,110.0,1.0,0.0,1600.0,5.0,1075.0
401,8450.0,70.0,124743.0,3.0,110.0,1.0,0.0,1600.0,3.0,1050.0
402,9500.0,38.0,180638.0,2.0,90.0,0.0,0.0,2000.0,4.0,1160.0
403,9950.0,47.0,26221.0,3.0,97.0,1.0,0.0,1400.0,3.0,1025.0
404,8500.0,77.0,170000.0,2.0,72.0,0.0,0.0,2000.0,4.0,1100.0
405,8250.0,59.0,112827.0,3.0,86.0,1.0,0.0,1300.0,5.0,1040.0
406,10450.0,48.0,15000.0,3.0,97.0,1.0,0.0,1400.0,3.0,1025.0
407,9950.0,58.0,62024.0,3.0,110.0,1.0,0.0,1600.0,5.0,1075.0
408,8950.0,54.0,61000.0,2.0,69.0,0.0,0.0,2000.0,5.0,1140.0
409,9900.0,57.0,31307.0,3.0,110.0,1.0,0.0,1600.0,5.0,1070.0
410,8950.0,63.0,74747.0,3.0,110.0,1.0,0.0,1600.0,5.0,1075.0
411,9950.0,48.0,28656.0,3.0,97.0,0.0,0.0,1400.0,3.0,1085.0
412,7450.0,78.0,87743.0,3.0,110.0,0.0,0.0,1600.0,3.0,1055.0
413,10500.0,55.0,30461.0,3.0,86.0,1.0,0.0,1300.0,5.0,1050.0
414,7900.0,77.0,126000.0,3.0,110.0,1.0,0.0,1600.0,5.0,1050.0
415,17900.0,7.0,1.0,3.0,110.0,1.0,0.0,1600.0,3.0,1105.0
416,15950.0,20.0,29797.0,3.0,97.0,1.0,0.0,1400.0,5.0,1110.0
417,9900.0,64.0,41200.0,3.0,110.0,0.0,0.0,1600.0,5.0,1070.0
418,12950.0,33.0,33591.0,3.0,110.0,1.0,0.0,1600.0,5.0,1075.0
419,12950.0,39.0,24444.0,3.0,110.0,1.0,0.0,1600.0,3.0,1040.0
420,13995.0,44.0,38461.0,3.0,110.0,1.0,0.0,1600.0,5.0,1080.0
421,8950.0,78.0,24000.0,3.0,86.0,1.0,1.0,1300.0,5.0,1065.0
422,11950.0,54.0,63123.0,3.0,110.0,1.0,0.0,1600.0,4.0,1035.0
423,8950.0,62.0,74457.0,3.0,110.0,0.0,0.0,1600.0,5.0,1075.0
424,8950.0,76.0,89520.0,3.0,110.0,1.0,0.0,1600.0,3.0,1050.0
425,21750.0,13.0,13178.0,3.0,110.0,1.0,0.0,1600.0,5.0,1130.0
426,5750.0,76.0,183277.0,2.0,72.0,0.0,0.0,2000.0,3.0,1115.0
427,16650.0,25.0,15414.0,3.0,97.0,1.0,0.0,1400.0,5.0,1110.0
428,11750.0,52.0,46449.0,3.0,110.0,1.0,0.0,1600.0,4.0,1035.0
429,8500.0,68.0,88807.0,3.0,110.0,0.0,0.0,1600.0,3.0,1050.0
430,12750.0,36.0,63459.0,3.0,97.0,1.0,0.0,1400.0,5.0,1060.0
431,9750.0,64.0,34114.0,3.0,110.0,0.0,0.0,1600.0,3.0,1050.0
432,7750.0,78.0,72090.0,3.0,110.0,1.0,0.0,1600.0,5.0,1070.0
433,11750.0,44.0,52084.0,3.0,97.0,1.0,0.0,1400.0,3.0,1025.0
434,8950.0,74.0,88700.0,3.0,110.0,1.0,0.0,1600.0,3.0,1050.0
435,11500.0,47.0,78785.0,1.0,110.0,1.0,0.0,1600.0,5.0,1119.0
436,9450.0,57.0,61000.0,3.0,110.0,1.0,0.0,1600.0,3.0,1050.0
437,7950.0,74.0,123077.0,3.0,86.0,1.0,0.0,1300.0,3.0,1015.0
438,12950.0,50.0,83106.0,3.0,110.0,1.0,0.0,1600.0,5.0,1075.0
439,7950.0,78.0,72222.0,3.0,110.0,1.0,0.0,1600.0,5.0,1070.0
440,15750.0,26.0,43000.0,3.0,97.0,0.0,0.0,1400.0,3.0,1100.0
441,7950.0,68.0,78521.0,3.0,86.0,0.0,0.0,1300.0,3.0,1015.0
442,18750.0,31.0,25266.0,3.0,110.0,1.0,0.0,1600.0,5.0,1130.0
443,9750.0,65.0,77500.0,3.0,110.0,1.0,0.0,1600.0,3.0,1050.0
444,11450.0,40.0,78425.0,3.0,110.0,1.0,0.0,1600.0,5.0,1075.0
445,11500.0,52.0,35823.0,3.0,110.0,0.0,0.0,1600.0,5.0,1075.0
446,7750.0,74.0,78894.0,3.0,110.0,0.0,0.0,1600.0,5.0,1070.0
447,11950.0,47.0,40361.0,3.0,110.0,1.0,0.0,1600.0,5.0,1090.0
448,8950.0,65.0,51000.0,3.0,86.0,1.0,0.0,1300.0,3.0,1015.0
449,21750.0,16.0,36000.0,3.0,110.0,1.0,0.0,1600.0,5.0,1130.0
450,6550.0,73.0,158492.0,3.0,86.0,0.0,0.0,1300.0,3.0,1015.0
451,11500.0,35.0,24011.0,3.0,97.0,0.0,0.0,1400.0,3.0,1025.0
452,12450.0,34.0,49291.0,3.0,110.0,1.0,0.0,1600.0,3.0,1040.0
453,10850.0,54.0,47768.0,3.0,110.0,0.0,0.0,1600.0,3.0,1055.0
454,8800.0,79.0,74093.0,3.0,110.0,1.0,0.0,1600.0,5.0,1075.0
455,9250.0,62.0,66082.0,3.0,110.0,0.0,0.0,1600.0,5.0,1070.0
456,10950.0,59.0,22705.0,3.0,110.0,1.0,0.0,1600.0,5.0,1075.0
457,9950.0,43.0,37576.0,3.0,97.0,0.0,0.0,1400.0,3.0,1030.0
458,11450.0,37.0,38812.0,3.0,97.0,0.0,0.0,1400.0,3.0,1025.0
459,31000.0,4.0,4000.0,2.0,116.0,1.0,0.0,2000.0,5.0,1480.0
460,11895.0,39.0,27170.0,3.0,97.0,1.0,0.0,1400.0,5.0,1060.0
461,19600.0,9.0,7650.0,3.0,110.0,1.0,0.0,1600.0,5.0,1115.0
462,9950.0,63.0,57000.0,3.0,86.0,1.0,0.0,1300.0,5.0,1035.0
463,8950.0,70.0,73014.0,3.0,110.0,1.0,0.0,1600.0,5.0,1075.0
464,6650.0,78.0,95909.0,3.0,110.0,1.0,0.0,1600.0,5.0,1070.0
465,18450.0,19.0,27371.0,3.0,97.0,0.0,0.0,1400.0,5.0,1135.0
466,15500.0,22.0,41000.0,3.0,97.0,1.0,0.0,1400.0,3.0,1100.0
467,8250.0,67.0,57000.0,3.0,110.0,0.0,0.0,1600.0,3.0,1050.0
468,11950.0,60.0,74720.0,3.0,110.0,1.0,0.0,1600.0,5.0,1085.0
469,5950.0,77.0,145996.0,3.0,110.0,0.0,0.0,1600.0,4.0,1035.0
470,9500.0,79.0,100719.0,3.0,110.0,0.0,0.0,1600.0,5.0,1070.0
471,7950.0,75.0,76382.0,3.0,110.0,1.0,0.0,1600.0,3.0,1055.0
472,13500.0,33.0,48928.0,2.0,69.0,1.0,0.0,1900.0,3.0,1105.0
473,18450.0,27.0,23489.0,3.0,110.0,0.0,0.0,1600.0,5.0,1115.0
474,8950.0,65.0,132807.0,2.0,72.0,1.0,0.0,2000.0,5.0,1135.0
475,9950.0,64.0,114846.0,3.0,110.0,1.0,0.0,1600.0,5.0,1075.0
476,9750.0,57.0,45000.0,3.0,110.0,1.0,0.0,1600.0,3.0,1050.0
477,10500.0,68.0,26698.0,3.0,110.0,0.0,0.0,1600.0,3.0,1055.0
478,7795.0,75.0,100192.0,3.0,110.0,1.0,0.0,1600.0,3.0,1050.0
479,9650.0,67.0,69000.0,3.0,110.0,1.0,0.0,1600.0,3.0,1065.0
480,7995.0,59.0,121626.0,3.0,86.0,0.0,0.0,1300.0,5.0,1050.0
481,13500.0,41.0,50856.0,3.0,110.0,0.0,0.0,1600.0,4.0,1030.0
482,8250.0,77.0,93000.0,3.0,110.0,1.0,0.0,1600.0,5.0,1075.0
483,10950.0,52.0,99323.0,3.0,110.0,1.0,0.0,1600.0,3.0,1055.0
484,7950.0,65.0,78076.0,3.0,86.0,1.0,0.0,1300.0,3.0,1015.0
485,7950.0,67.0,72880.0,3.0,86.0,1.0,0.0,1332.0,3.0,1015.0
486,8750.0,65.0,64772.0,3.0,110.0,1.0,0.0,1600.0,3.0,1050.0
487,11950.0,41.0,21651.0,3.0,97.0,0.0,0.0,1400.0,3.0,1025.0
488,11450.0,54.0,62987.0,3.0,110.0,0.0,0.0,1600.0,5.0,1080.0
489,9450.0,63.0,70908.0,3.0,86.0,0.0,0.0,1300.0,5.0,1035.0
490,9950.0,61.0,49000.0,3.0,110.0,0.0,0.0,1600.0,3.0,1050.0
491,11500.0,39.0,39524.0,3.0,97.0,1.0,0.0,1398.0,3.0,1025.0
492,8950.0,68.0,64000.0,3.0,110.0,0.0,0.0,1600.0,5.0,1075.0
493,7750.0,54.0,174139.0,2.0,72.0,1.0,0.0,2000.0,4.0,1100.0
494,10250.0,62.0,53285.0,3.0,110.0,1.0,0.0,1600.0,5.0,1075.0
495,9950.0,68.0,64950.0,3.0,110.0,1.0,0.0,1600.0,5.0,1075.0
496,11500.0,65.0,85889.0,3.0,110.0,0.0,0.0,1600.0,3.0,1065.0
497,9950.0,55.0,27500.0,3.0,97.0,1.0,0.0,1400.0,3.0,1025.0
498,13500.0,33.0,78108.0,2.0,90.0,1.0,0.0,2000.0,3.0,1170.0
499,15750.0,32.0,25329.0,3.0,97.0,1.0,0.0,1400.0,3.0,1100.0
500,9950.0,66.0,36658.0,3.0,110.0,0.0,0.0,1600.0,3.0,1050.0
501,6950.0,58.0,205000.0,2.0,72.0,1.0,0.0,2000.0,4.0,1100.0
502,10995.0,59.0,60708.0,3.0,86.0,1.0,0.0,1300.0,5.0,1045.0
503,7250.0,80.0,94447.0,3.0,110.0,0.0,0.0,1600.0,3.0,1050.0
504,13950.0,24.0,41711.0,2.0,90.0,1.0,0.0,2000.0,3.0,1165.0
505,15750.0,22.0,35199.0,3.0,97.0,1.0,0.0,1400.0,3.0,1100.0
506,9950.0,75.0,107000.0,3.0,110.0,1.0,0.0,1600.0,3.0,1050.0
507,6500.0,71.0,115157.0,3.0,110.0,1.0,0.0,1600.0,3.0,1050.0
508,13950.0,52.0,66527.0,3.0,110.0,1.0,0.0,1600.0,5.0,1080.0
509,7950.0,76.0,43532.0,3.0,110.0,0.0,0.0,1600.0,5.0,1070.0
510,9000.0,80.0,63266.0,3.0,110.0,1.0,0.0,1600.0,4.0,1035.0
511,7350.0,65.0,140168.0,2.0,72.0,1.0,0.0,2000.0,3.0,1115.0
512,7500.0,80.0,73200.0,3.0,110.0,1.0,0.0,1600.0,5.0,1070.0
513,9250.0,65.0,35283.0,3.0,86.0,1.0,0.0,1300.0,3.0,1015.0
514,9750.0,56.0,37461.0,3.0,97.0,0.0,0.0,1400.0,3.0,1025.0
515,8950.0,64.0,133769.0,2.0,72.0,1.0,0.0,2000.0,3.0,1120.0
516,8950.0,68.0,101001.0,3.0,110.0,0.0,0.0,1600.0,5.0,1075.0
517,17450.0,28.0,8537.0,3.0,110.0,1.0,0.0,1600.0,5.0,1130.0
518,6750.0,80.0,86109.0,3.0,110.0,1.0,0.0,1600.0,3.0,1055.0
519,8950.0,53.0,115113.0,3.0,97.0,1.0,0.0,1400.0,3.0,1025.0
520,8950.0,65.0,55000.0,3.0,86.0,1.0,0.0,1300.0,3.0,1015.0
521,8950.0,68.0,77029.0,3.0,86.0,1.0,0.0,1300.0,3.0,1015.0
522,10500.0,50.0,62280.0,3.0,97.0,1.0,0.0,1400.0,5.0,1060.0
523,10950.0,53.0,26624.0,3.0,97.0,0.0,0.0,1400.0,5.0,1060.0
524,18950.0,15.0,20270.0,3.0,110.0,1.0,0.0,1600.0,5.0,1130.0
525,24950.0,8.0,13253.0,2.0,116.0,1.0,0.0,2000.0,5.0,1320.0
526,9995.0,68.0,44458.0,3.0,86.0,0.0,0.0,1300.0,3.0,1015.0
527,13250.0,41.0,123425.0,2.0,69.0,1.0,0.0,1900.0,5.0,1140.0
528,10950.0,59.0,32150.0,3.0,110.0,1.0,0.0,1600.0,5.0,1085.0
529,7800.0,73.0,56566.0,3.0,110.0,1.0,0.0,1600.0,3.0,1050.0
530,11900.0,41.0,61000.0,3.0,110.0,0.0,0.0,1600.0,5.0,1075.0
531,7950.0,64.0,78356.0,3.0,86.0,1.0,0.0,1300.0,3.0,1015.0
532,5740.0,74.0,159908.0,3.0,110.0,0.0,0.0,1600.0,3.0,1050.0
533,18500.0,13.0,18000.0,3.0,71.0,0.0,0.0,1400.0,3.0,1125.0
534,6900.0,62.0,88000.0,3.0,86.0,0.0,0.0,1300.0,3.0,1020.0
535,8450.0,71.0,98154.0,3.0,110.0,1.0,0.0,1600.0,3.0,1050.0
536,10500.0,56.0,52448.0,3.0,97.0,0.0,0.0,1400.0,3.0,1025.0
537,10950.0,35.0,21904.0,3.0,97.0,0.0,0.0,1400.0,3.0,1025.0
538,7950.0,78.0,72000.0,3.0,110.0,0.0,0.0,1600.0,3.0,1055.0
539,9950.0,79.0,55425.0,3.0,110.0,0.0,0.0,1600.0,5.0,1075.0
540,19500.0,8.0,10077.0,3.0,97.0,1.0,0.0,1400.0,5.0,1110.0
541,17950.0,30.0,33511.0,3.0,110.0,1.0,0.0,1600.0,5.0,1130.0
542,8500.0,73.0,52000.0,3.0,110.0,1.0,1.0,1600.0,4.0,1065.0
543,15450.0,25.0,17003.0,3.0,97.0,1.0,0.0,1400.0,5.0,1110.0
544,8250.0,59.0,113700.0,3.0,110.0,1.0,0.0,1600.0,5.0,1065.0
545,5950.0,72.0,105856.0,3.0,86.0,0.0,0.0,1300.0,3.0,1015.0
546,9250.0,64.0,73500.0,3.0,110.0,1.0,0.0,1600.0,3.0,1050.0
547,10950.0,60.0,28500.0,3.0,110.0,0.0,0.0,1600.0,5.0,1075.0
548,13950.0,35.0,32941.0,3.0,110.0,1.0,0.0,1600.0,5.0,1080.0
549,9250.0,58.0,68723.0,3.0,86.0,0.0,0.0,1300.0,3.0,1025.0
550,7900.0,76.0,60000.0,3.0,110.0,0.0,0.0,1600.0,3.0,1050.0
551,8950.0,65.0,68000.0,3.0,86.0,1.0,0.0,1300.0,3.0,1015.0
552,8950.0,69.0,99374.0,3.0,86.0,1.0,0.0,1300.0,5.0,1035.0
553,9450.0,61.0,54125.0,3.0,110.0,1.0,0.0,1600.0,5.0,1035.0
554,9900.0,53.0,57475.0,3.0,110.0,0.0,0.0,1600.0,3.0,1040.0
555,12450.0,47.0,117430.0,2.0,90.0,1.0,0.0,2000.0,3.0,1165.0
556,15950.0,20.0,33329.0,3.0,97.0,1.0,0.0,1400.0,3.0,1100.0
557,16750.0,27.0,44068.0,3.0,97.0,1.0,0.0,1400.0,3.0,1100.0
558,8950.0,68.0,140000.0,3.0,110.0,1.0,0.0,1600.0,5.0,1085.0
559,6150.0,80.0,194765.0,2.0,72.0,0.0,0.0,2000.0,3.0,1120.0
560,9950.0,67.0,75429.0,3.0,110.0,1.0,0.0,1600.0,3.0,1065.0
561,7750.0,78.0,120000.0,3.0,110.0,0.0,0.0,1600.0,5.0,1075.0
562,9000.0,48.0,119742.0,3.0,110.0,1.0,0.0,1600.0,5.0,1080.0
563,9950.0,63.0,47612.0,3.0,86.0,0.0,0.0,1300.0,3.0,1015.0
564,8900.0,63.0,46000.0,3.0,86.0,0.0,0.0,1300.0,5.0,1035.0
565,10250.0,39.0,18500.0,3.0,110.0,0.0,0.0,1600.0,4.0,1030.0
566,8250.0,66.0,58654.0,3.0,110.0,1.0,0.0,1600.0,5.0,1070.0
567,17795.0,1.0,1.0,3.0,98.0,1.0,0.0,1400.0,4.0,1100.0
568,10500.0,50.0,54465.0,3.0,110.0,0.0,0.0,1600.0,5.0,1075.0
569,7750.0,73.0,39168.0,3.0,86.0,0.0,0.0,1300.0,3.0,1015.0
570,8450.0,75.0,38945.0,3.0,110.0,1.0,0.0,1600.0,3.0,1050.0
571,9940.0,39.0,53644.0,3.0,110.0,1.0,0.0,1600.0,5.0,1075.0
572,9950.0,55.0,97234.0,3.0,110.0,0.0,0.0,1600.0,5.0,1080.0
573,8495.0,68.0,104299.0,3.0,110.0,1.0,0.0,1600.0,5.0,1085.0
574,14900.0,30.0,22000.0,3.0,97.0,1.0,0.0,1400.0,5.0,1110.0
575,10950.0,62.0,35512.0,3.0,110.0,1.0,0.0,1600.0,3.0,1065.0
576,7950.0,75.0,69388.0,3.0,86.0,0.0,0.0,1300.0,3.0,1010.0
577,11750.0,40.0,32532.0,3.0,110.0,1.0,0.0,1600.0,3.0,1040.0
578,8995.0,67.0,73936.0,3.0,86.0,1.0,0.0,1300.0,5.0,1050.0
579,9950.0,63.0,48738.0,3.0,110.0,0.0,0.0,1600.0,5.0,1055.0
580,12495.0,44.0,49332.0,3.0,110.0,1.0,0.0,1600.0,5.0,1080.0
581,9950.0,42.0,27141.0,3.0,97.0,1.0,0.0,1400.0,5.0,1060.0
582,10250.0,54.0,63792.0,3.0,110.0,1.0,0.0,1600.0,5.0,1075.0
583,8950.0,65.0,75000.0,3.0,86.0,0.0,0.0,1300.0,3.0,1015.0
584,8450.0,68.0,90727.0,3.0,110.0,0.0,0.0,1600.0,3.0,1050.0
585,8950.0,61.0,60532.0,3.0,110.0,1.0,0.0,1600.0,3.0,1050.0
586,7500.0,65.0,59264.0,3.0,86.0,0.0,0.0,1300.0,3.0,1015.0
587,8950.0,75.0,48400.0,3.0,110.0,1.0,0.0,1600.0,5.0,1075.0
588,18950.0,28.0,28817.0,3.0,110.0,1.0,0.0,1598.0,5.0,1130.0
589,8950.0,68.0,53000.0,3.0,110.0,1.0,1.0,1587.0,3.0,1075.0
590,15800.0,22.0,75048.0,3.0,97.0,1.0,0.0,1400.0,5.0,1110.0
591,12450.0,35.0,71200.0,3.0,110.0,1.0,0.0,1600.0,5.0,1075.0
592,4400.0,74.0,203254.0,2.0,72.0,1.0,0.0,2000.0,3.0,1135.0
593,19500.0,16.0,13000.0,3.0,110.0,1.0,0.0,1600.0,4.0,1105.0
594,9950.0,69.0,42800.0,3.0,110.0,1.0,0.0,1600.0,3.0,1050.0
595,8250.0,65.0,61384.0,3.0,110.0,1.0,0.0,1600.0,3.0,1050.0
596,9950.0,59.0,65463.0,3.0,110.0,1.0,0.0,1600.0,5.0,1070.0
597,16500.0,27.0,37177.0,3.0,110.0,0.0,0.0,1600.0,5.0,1130.0
598,23750.0,8.0,11000.0,3.0,110.0,1.0,0.0,1600.0,5.0,1130.0
599,9500.0,79.0,56214.0,3.0,86.0,0.0,0.0,1300.0,3.0,1015.0
600,10950.0,57.0,80470.0,3.0,110.0,0.0,0.0,1600.0,5.0,1085.0
601,12295.0,33.0,42823.0,3.0,110.0,1.0,0.0,1600.0,5.0,1075.0
602,9500.0,57.0,78955.0,3.0,86.0,1.0,0.0,1300.0,5.0,1045.0
603,19950.0,8.0,8574.0,3.0,110.0,1.0,0.0,1600.0,5.0,1130.0
604,11450.0,56.0,74500.0,3.0,97.0,0.0,0.0,1400.0,3.0,1025.0
605,10450.0,35.0,91456.0,2.0,69.0,1.0,0.0,1900.0,3.0,1110.0
606,9250.0,80.0,44444.0,3.0,110.0,1.0,0.0,1600.0,3.0,1050.0
607,12695.0,39.0,24723.0,3.0,110.0,1.0,1.0,1600.0,4.0,1060.0
608,8950.0,67.0,127000.0,2.0,72.0,1.0,0.0,2000.0,5.0,1135.0
609,11690.0,34.0,65345.0,3.0,97.0,1.0,0.0,1400.0,5.0,1060.0
610,22500.0,6.0,3000.0,3.0,110.0,0.0,0.0,1600.0,5.0,1130.0
611,11250.0,56.0,58142.0,3.0,110.0,1.0,0.0,1600.0,5.0,1080.0
612,9795.0,68.0,61568.0,3.0,110.0,1.0,0.0,1600.0,4.0,1035.0
613,8500.0,77.0,62285.0,3.0,110.0,1.0,0.0,1600.0,5.0,1075.0
614,9900.0,66.0,94606.0,3.0,110.0,0.0,0.0,1600.0,3.0,1065.0
615,16950.0,22.0,100250.0,2.0,90.0,0.0,0.0,2000.0,5.0,1255.0
616,9250.0,60.0,65259.0,3.0,110.0,1.0,0.0,1600.0,3.0,1050.0
617,10950.0,54.0,96100.0,3.0,110.0,1.0,0.0,1600.0,5.0,1080.0
618,8950.0,67.0,96000.0,3.0,110.0,1.0,0.0,1600.0,3.0,1050.0
619,7950.0,77.0,72703.0,3.0,110.0,1.0,0.0,1600.0,3.0,1050.0
620,8500.0,73.0,75000.0,3.0,110.0,0.0,0.0,1600.0,5.0,1075.0
621,11950.0,53.0,55500.0,3.0,110.0,1.0,0.0,1600.0,4.0,1035.0
622,10950.0,38.0,58798.0,3.0,110.0,1.0,0.0,1600.0,5.0,1075.0
623,8450.0,72.0,26000.0,3.0,86.0,0.0,0.0,1300.0,3.0,1015.0
624,7250.0,77.0,128960.0,3.0,110.0,1.0,0.0,1600.0,5.0,1070.0
625,9450.0,54.0,138394.0,2.0,69.0,1.0,0.0,1900.0,4.0,1095.0
626,8850.0,65.0,45000.0,3.0,110.0,0.0,0.0,1600.0,5.0,1075.0
627,8950.0,71.0,47633.0,3.0,110.0,1.0,0.0,1600.0,5.0,1075.0
628,17950.0,22.0,62636.0,2.0,90.0,1.0,0.0,2000.0,5.0,1255.0
629,8950.0,74.0,48242.0,3.0,86.0,1.0,0.0,1300.0,5.0,1035.0
630,7750.0,77.0,71900.0,3.0,86.0,1.0,0.0,1300.0,3.0,1015.0
631,12500.0,54.0,84598.0,3.0,110.0,0.0,0.0,1600.0,5.0,1075.0
632,23000.0,11.0,25000.0,2.0,116.0,1.0,0.0,2000.0,5.0,1320.0
633,14750.0,40.0,48952.0,2.0,90.0,1.0,0.0,2000.0,5.0,1205.0
634,7500.0,62.0,183500.0,2.0,72.0,1.0,0.0,2000.0,5.0,1140.0
635,10900.0,49.0,97600.0,3.0,110.0,1.0,0.0,1600.0,3.0,1045.0
636,8750.0,68.0,125000.0,2.0,72.0,1.0,0.0,2000.0,3.0,1115.0
637,8950.0,78.0,65500.0,3.0,86.0,1.0,0.0,1300.0,3.0,1015.0
638,19900.0,20.0,23000.0,3.0,110.0,1.0,0.0,1600.0,5.0,1130.0
639,8750.0,62.0,80265.0,3.0,86.0,0.0,0.0,1300.0,3.0,1015.0
640,11950.0,50.0,47219.0,3.0,110.0,1.0,0.0,1600.0,5.0,1080.0
641,11750.0,51.0,58761.0,3.0,97.0,0.0,0.0,1300.0,5.0,1060.0
642,20500.0,20.0,20000.0,3.0,110.0,0.0,1.0,1600.0,5.0,1165.0
643,8950.0,61.0,51235.0,3.0,86.0,1.0,0.0,1300.0,4.0,1000.0
644,8500.0,74.0,66718.0,3.0,110.0,1.0,0.0,1600.0,3.0,1050.0
645,23950.0,19.0,21684.0,3.0,192.0,1.0,0.0,1800.0,5.0,1185.0
646,13950.0,41.0,37533.0,3.0,110.0,1.0,0.0,1600.0,5.0,1075.0
647,10950.0,49.0,53116.0,3.0,97.0,1.0,0.0,1400.0,3.0,1025.0
648,20950.0,14.0,17896.0,3.0,110.0,1.0,1.0,1600.0,4.0,1150.0
649,10950.0,67.0,65785.0,3.0,110.0,1.0,0.0,1600.0,5.0,1075.0
650,8950.0,53.0,90200.0,3.0,97.0,0.0,0.0,1400.0,3.0,1025.0
651,10495.0,60.0,43426.0,3.0,110.0,1.0,0.0,1600.0,5.0,1070.0
652,10500.0,63.0,57413.0,3.0,107.0,0.0,1.0,1600.0,5.0,1115.0
653,19950.0,14.0,6000.0,3.0,110.0,0.0,0.0,1600.0,5.0,1130.0
654,7950.0,69.0,97000.0,3.0,110.0,0.0,0.0,1600.0,4.0,1035.0
655,13950.0,37.0,36074.0,3.0,110.0,1.0,1.0,1600.0,5.0,1075.0
656,7950.0,68.0,119289.0,3.0,110.0,1.0,0.0,1600.0,4.0,1035.0
657,8950.0,56.0,31000.0,3.0,97.0,0.0,0.0,1400.0,3.0,1025.0
658,12950.0,23.0,71138.0,2.0,69.0,0.0,0.0,1900.0,3.0,1105.0
659,9950.0,64.0,118000.0,2.0,72.0,1.0,0.0,2000.0,5.0,1150.0
660,8950.0,54.0,149329.0,2.0,72.0,1.0,0.0,2000.0,5.0,1135.0
661,9250.0,61.0,110853.0,3.0,110.0,1.0,0.0,1600.0,5.0,1070.0
662,8950.0,80.0,64000.0,3.0,110.0,0.0,0.0,1600.0,3.0,1055.0
663,6450.0,71.0,151000.0,1.0,110.0,1.0,0.0,1600.0,5.0,1094.0
664,7750.0,72.0,106108.0,3.0,110.0,1.0,0.0,1600.0,3.0,1050.0
665,8250.0,78.0,72000.0,3.0,110.0,1.0,0.0,1600.0,4.0,1035.0
666,9900.0,42.0,37000.0,3.0,97.0,1.0,0.0,1400.0,3.0,1025.0
667,9450.0,63.0,115000.0,1.0,110.0,0.0,0.0,1600.0,3.0,1109.0
668,10900.0,57.0,33535.0,3.0,110.0,0.0,0.0,1600.0,4.0,1035.0
669,10950.0,54.0,71725.0,3.0,110.0,1.0,0.0,1600.0,4.0,1035.0
670,9750.0,67.0,67762.0,3.0,110.0,1.0,0.0,1600.0,3.0,1065.0
671,8750.0,71.0,106150.0,3.0,86.0,0.0,0.0,1300.0,3.0,1015.0
672,20950.0,25.0,31461.0,3.0,192.0,0.0,0.0,1800.0,3.0,1185.0
673,9450.0,77.0,52900.0,3.0,110.0,1.0,0.0,1600.0,4.0,1075.0
674,7750.0,76.0,81930.0,3.0,110.0,0.0,0.0,1600.0,5.0,1070.0
675,9930.0,53.0,63635.0,3.0,110.0,1.0,0.0,1600.0,4.0,1035.0
676,8250.0,57.0,101791.0,2.0,72.0,0.0,0.0,2000.0,3.0,1115.0
677,9850.0,53.0,72000.0,3.0,97.0,1.0,0.0,1400.0,3.0,1025.0
678,6500.0,70.0,178800.0,2.0,72.0,0.0,0.0,2000.0,3.0,1115.0
679,8700.0,75.0,83850.0,3.0,110.0,1.0,0.0,1600.0,3.0,1055.0
680,8950.0,79.0,138500.0,3.0,86.0,0.0,0.0,1300.0,5.0,1050.0
681,9000.0,68.0,65000.0,3.0,110.0,0.0,0.0,1600.0,5.0,1070.0
682,8950.0,55.0,94122.0,3.0,86.0,1.0,0.0,1300.0,3.0,1015.0
683,8250.0,80.0,76000.0,3.0,110.0,0.0,0.0,1600.0,3.0,1050.0
684,7950.0,61.0,88127.0,3.0,86.0,0.0,0.0,1300.0,3.0,1015.0
685,10950.0,65.0,81192.0,3.0,110.0,1.0,0.0,1600.0,3.0,1065.0
686,8500.0,60.0,64914.0,3.0,110.0,1.0,0.0,1600.0,5.0,1070.0
687,15250.0,28.0,43210.0,3.0,97.0,0.0,0.0,1400.0,5.0,1110.0
688,5250.0,72.0,126478.0,3.0,110.0,1.0,0.0,1600.0,4.0,1035.0
689,7500.0,59.0,130000.0,2.0,72.0,1.0,0.0,2000.0,4.0,1135.0
690,9950.0,58.0,58000.0,3.0,110.0,1.0,0.0,1600.0,3.0,1050.0
691,18500.0,11.0,16123.0,3.0,110.0,1.0,0.0,1600.0,3.0,1105.0
692,8895.0,61.0,50925.0,3.0,110.0,1.0,0.0,1600.0,5.0,1070.0
693,8400.0,60.0,52487.0,3.0,110.0,1.0,0.0,1600.0,4.0,1035.0
694,6900.0,74.0,101773.0,3.0,110.0,0.0,0.0,1600.0,3.0,1050.0
695,13500.0,38.0,53000.0,3.0,110.0,1.0,0.0,1600.0,5.0,1075.0
696,11450.0,46.0,75249.0,3.0,110.0,1.0,0.0,1600.0,4.0,1035.0
697,7750.0,74.0,120196.0,3.0,110.0,1.0,0.0,1600.0,3.0,1050.0
698,10800.0,50.0,22500.0,3.0,97.0,1.0,0.0,1400.0,3.0,1025.0
699,9500.0,66.0,74963.0,3.0,107.0,0.0,1.0,1600.0,3.0,1085.0
700,13500.0,33.0,57711.0,2.0,90.0,1.0,0.0,2000.0,3.0,1165.0
701,7800.0,64.0,65000.0,3.0,110.0,1.0,0.0,1600.0,3.0,1050.0
702,10500.0,62.0,93098.0,3.0,110.0,1.0,0.0,1600.0,5.0,1075.0
703,7250.0,78.0,96000.0,3.0,86.0,1.0,0.0,1300.0,3.0,1015.0
704,11950.0,40.0,58954.0,3.0,110.0,1.0,0.0,1600.0,5.0,1080.0
705,15850.0,13.0,33477.0,3.0,110.0,1.0,0.0,1600.0,5.0,1075.0
706,9950.0,65.0,80153.0,3.0,110.0,0.0,0.0,1600.0,5.0,1070.0
707,11900.0,41.0,29716.0,3.0,116.0,1.0,0.0,1600.0,5.0,1075.0
708,12900.0,39.0,55678.0,3.0,110.0,1.0,0.0,1600.0,4.0,1030.0
709,7450.0,78.0,82675.0,3.0,86.0,0.0,0.0,1300.0,3.0,1015.0
710,19750.0,17.0,11999.0,3.0,110.0,1.0,0.0,1600.0,5.0,1130.0
711,5950.0,68.0,194545.0,3.0,86.0,0.0,0.0,1300.0,4.0,1000.0
712,20750.0,17.0,10000.0,3.0,110.0,0.0,0.0,1598.0,5.0,1105.0
713,10450.0,62.0,84549.0,3.0,110.0,0.0,0.0,1600.0,5.0,1075.0
714,7450.0,72.0,87083.0,3.0,110.0,0.0,0.0,1600.0,4.0,1035.0
715,8950.0,68.0,74308.0,3.0,110.0,0.0,0.0,1600.0,3.0,1050.0
716,8400.0,77.0,60000.0,3.0,110.0,1.0,0.0,1600.0,3.0,1050.0
717,12500.0,56.0,45336.0,3.0,110.0,1.0,0.0,1600.0,5.0,1080.0
718,12450.0,54.0,46230.0,3.0,110.0,1.0,0.0,1600.0,3.0,1055.0
719,8000.0,64.0,116000.0,3.0,86.0,0.0,0.0,1300.0,5.0,1045.0
720,14950.0,43.0,25228.0,3.0,110.0,1.0,0.0,1600.0,3.0,1045.0
721,7250.0,80.0,74151.0,3.0,110.0,1.0,0.0,1600.0,3.0,1050.0
722,9250.0,66.0,52383.0,3.0,86.0,0.0,0.0,1300.0,3.0,1015.0
723,7450.0,75.0,89507.0,3.0,86.0,0.0,0.0,1300.0,3.0,1015.0
724,12950.0,33.0,28715.0,3.0,110.0,1.0,0.0,1600.0,5.0,1075.0
725,5600.0,75.0,146197.0,3.0,86.0,0.0,0.0,1300.0,3.0,1015.0
726,13950.0,40.0,45600.0,3.0,110.0,1.0,1.0,1600.0,5.0,1105.0
727,7950.0,69.0,155000.0,2.0,72.0,0.0,0.0,2000.0,3.0,1115.0
728,9950.0,61.0,45000.0,3.0,107.0,0.0,1.0,1600.0,3.0,1085.0
729,9750.0,63.0,64690.0,3.0,86.0,0.0,0.0,1300.0,3.0,1020.0
730,8950.0,72.0,75525.0,3.0,110.0,1.0,0.0,1600.0,3.0,1114.0
731,8450.0,77.0,61906.0,3.0,86.0,1.0,1.0,1300.0,5.0,1065.0
732,8950.0,54.0,64000.0,3.0,97.0,1.0,0.0,1400.0,3.0,1025.0
733,6450.0,72.0,123403.0,3.0,110.0,1.0,0.0,1600.0,3.0,1050.0
734,9250.0,48.0,142130.0,1.0,110.0,0.0,0.0,1600.0,5.0,1119.0
735,10845.0,72.0,19000.0,3.0,86.0,0.0,0.0,1300.0,3.0,1015.0
736,11750.0,40.0,130062.0,2.0,69.0,1.0,0.0,1900.0,5.0,1140.0
737,9250.0,65.0,98500.0,3.0,110.0,1.0,0.0,1600.0,5.0,1075.0
738,21500.0,27.0,19700.0,3.0,192.0,0.0,0.0,1800.0,3.0,1185.0
739,10450.0,48.0,64193.0,3.0,110.0,1.0,0.0,1600.0,3.0,1040.0
740,8250.0,66.0,39144.0,3.0,110.0,1.0,0.0,1600.0,3.0,1050.0
741,18950.0,8.0,10000.0,3.0,97.0,1.0,0.0,1400.0,5.0,1110.0
742,7500.0,80.0,71500.0,3.0,110.0,1.0,0.0,1600.0,4.0,1035.0
743,8950.0,65.0,58829.0,3.0,110.0,0.0,0.0,1600.0,3.0,1050.0
744,6950.0,65.0,114383.0,2.0,90.0,0.0,0.0,2000.0,3.0,1260.0
745,10900.0,54.0,37000.0,3.0,97.0,1.0,0.0,1400.0,3.0,1025.0
746,15950.0,25.0,29719.0,3.0,97.0,1.0,0.0,1400.0,5.0,1110.0
747,16250.0,20.0,32627.0,3.0,97.0,1.0,0.0,1400.0,5.0,1110.0
748,15950.0,27.0,29510.0,3.0,97.0,1.0,0.0,1400.0,3.0,1100.0
749,7950.0,68.0,115071.0,3.0,110.0,1.0,0.0,1600.0,3.0,1055.0
750,8500.0,78.0,43622.0,3.0,86.0,1.0,0.0,1300.0,4.0,1000.0
751,12950.0,44.0,41499.0,1.0,110.0,1.0,0.0,1600.0,5.0,1103.0
752,8900.0,68.0,35000.0,3.0,110.0,1.0,0.0,1600.0,3.0,1050.0
753,9950.0,50.0,126110.0,3.0,110.0,0.0,0.0,1600.0,3.0,1055.0
754,7600.0,78.0,36000.0,3.0,110.0,1.0,0.0,1600.0,3.0,1050.0
755,6500.0,70.0,91900.0,3.0,86.0,1.0,0.0,1300.0,3.0,1015.0
756,11700.0,52.0,53561.0,3.0,97.0,1.0,0.0,1400.0,5.0,1060.0
757,9250.0,80.0,93841.0,3.0,110.0,0.0,0.0,1600.0,5.0,1070.0
758,11495.0,39.0,46694.0,3.0,110.0,0.0,0.0,1600.0,3.0,1040.0
759,10750.0,56.0,43700.0,3.0,86.0,1.0,0.0,1300.0,3.0,1025.0
760,7900.0,62.0,88667.0,3.0,110.0,1.0,0.0,1600.0,4.0,1040.0
761,7500.0,75.0,74000.0,3.0,86.0,1.0,0.0,1300.0,3.0,1015.0
762,13950.0,42.0,42560.0,3.0,110.0,1.0,0.0,1600.0,5.0,1080.0
763,9500.0,68.0,109150.0,3.0,110.0,0.0,0.0,1600.0,5.0,1075.0
764,11950.0,54.0,58745.0,3.0,110.0,1.0,0.0,1600.0,4.0,1035.0
765,10950.0,48.0,26938.0,3.0,110.0,1.0,0.0,1600.0,3.0,1040.0
766,7750.0,65.0,58300.0,3.0,86.0,1.0,0.0,1300.0,3.0,1015.0
767,8750.0,58.0,51712.0,3.0,110.0,0.0,0.0,1600.0,3.0,1050.0
768,9900.0,51.0,146736.0,3.0,110.0,1.0,0.0,1600.0,5.0,1080.0
769,7750.0,78.0,100487.0,3.0,110.0,0.0,0.0,1600.0,4.0,1035.0
770,11900.0,51.0,53408.0,3.0,110.0,1.0,0.0,1600.0,5.0,1080.0
771,8950.0,72.0,91921.0,3.0,86.0,1.0,0.0,1300.0,3.0,1020.0
772,8950.0,77.0,62595.0,3.0,110.0,1.0,0.0,1600.0,3.0,1050.0
773,6900.0,76.0,125778.0,3.0,110.0,0.0,0.0,1600.0,3.0,1050.0
774,10950.0,44.0,60500.0,3.0,110.0,0.0,0.0,1600.0,5.0,1075.0
775,11950.0,41.0,51732.0,3.0,97.0,1.0,0.0,1400.0,3.0,1025.0
776,11895.0,52.0,47689.0,3.0,110.0,0.0,0.0,1600.0,5.0,1075.0
777,8950.0,62.0,75000.0,3.0,110.0,1.0,0.0,1600.0,5.0,1070.0
778,19950.0,16.0,34472.0,2.0,90.0,1.0,0.0,1995.0,3.0,1260.0
779,8500.0,78.0,90345.0,3.0,86.0,1.0,0.0,1300.0,5.0,1035.0
780,7950.0,71.0,139145.0,2.0,73.0,0.0,0.0,2000.0,2.0,1115.0
781,11950.0,43.0,74285.0,3.0,110.0,1.0,0.0,1600.0,5.0,1075.0
782,31275.0,4.0,1500.0,2.0,116.0,1.0,0.0,2000.0,5.0,1480.0
783,17950.0,17.0,33740.0,3.0,97.0,1.0,0.0,1400.0,5.0,1135.0
784,10500.0,55.0,117175.0,3.0,110.0,1.0,0.0,1600.0,4.0,1035.0
785,6750.0,77.0,105152.0,3.0,86.0,0.0,0.0,1300.0,3.0,1015.0
786,9000.0,79.0,61165.0,3.0,107.0,1.0,1.0,1600.0,3.0,1080.0
787,8450.0,78.0,73638.0,3.0,86.0,1.0,1.0,1300.0,4.0,1015.0
788,15950.0,13.0,29371.0,3.0,110.0,1.0,0.0,1600.0,4.0,1105.0
789,17950.0,27.0,32809.0,3.0,97.0,1.0,0.0,1400.0,5.0,1110.0
790,11900.0,46.0,33021.0,3.0,110.0,1.0,0.0,1600.0,5.0,1080.0
791,11930.0,49.0,31999.0,3.0,97.0,0.0,0.0,1400.0,3.0,1030.0
792,10950.0,56.0,35230.0,3.0,97.0,0.0,0.0,1400.0,3.0,1025.0
793,9500.0,62.0,147636.0,2.0,72.0,0.0,0.0,2000.0,5.0,1135.0
794,9950.0,55.0,44537.0,3.0,97.0,0.0,0.0,1400.0,3.0,1025.0
795,8250.0,67.0,60000.0,3.0,86.0,0.0,1.0,1300.0,4.0,1030.0
796,7900.0,75.0,125400.0,3.0,110.0,0.0,0.0,1600.0,3.0,1050.0
797,9450.0,64.0,72000.0,3.0,86.0,1.0,0.0,1300.0,3.0,1015.0
798,14750.0,39.0,108847.0,2.0,90.0,1.0,0.0,2000.0,5.0,1205.0
799,9950.0,48.0,48071.0,3.0,97.0,0.0,0.0,1400.0,3.0,1025.0
800,11950.0,56.0,33998.0,3.0,110.0,0.0,0.0,1600.0,5.0,1080.0
801,10900.0,50.0,46000.0,3.0,97.0,0.0,0.0,1400.0,3.0,1025.0
802,19950.0,19.0,17038.0,3.0,110.0,0.0,0.0,1600.0,5.0,1130.0
803,10950.0,41.0,75697.0,3.0,97.0,1.0,0.0,1400.0,3.0,1025.0
804,9950.0,63.0,57000.0,3.0,110.0,1.0,0.0,1600.0,3.0,1050.0
805,16950.0,23.0,28000.0,3.0,110.0,1.0,0.0,1600.0,5.0,1115.0
806,19450.0,19.0,18328.0,3.0,110.0,0.0,0.0,1600.0,5.0,1130.0
807,10750.0,50.0,61672.0,3.0,110.0,0.0,0.0,1600.0,5.0,1075.0
808,9500.0,58.0,91000.0,3.0,110.0,1.0,0.0,1600.0,5.0,1075.0
809,8500.0,71.0,120000.0,3.0,110.0,0.0,0.0,1600.0,5.0,1085.0
810,7900.0,75.0,150000.0,2.0,72.0,1.0,0.0,2000.0,3.0,1135.0
811,9250.0,63.0,102807.0,3.0,86.0,0.0,0.0,1300.0,5.0,1055.0
812,8500.0,73.0,84988.0,3.0,110.0,1.0,0.0,1600.0,3.0,1050.0
813,15750.0,23.0,28227.0,3.0,97.0,1.0,0.0,1400.0,5.0,1110.0
814,8750.0,79.0,39800.0,3.0,107.0,0.0,1.0,1600.0,3.0,1080.0
815,11750.0,33.0,55350.0,3.0,110.0,0.0,0.0,1600.0,5.0,1075.0
816,5900.0,73.0,232940.0,2.0,72.0,0.0,0.0,2000.0,5.0,1172.0
817,8950.0,65.0,57374.0,3.0,110.0,1.0,0.0,1600.0,5.0,1075.0
818,9800.0,77.0,48838.0,3.0,110.0,0.0,0.0,1600.0,3.0,1055.0
819,12950.0,40.0,16325.0,3.0,110.0,1.0,0.0,1600.0,5.0,1080.0
820,9250.0,61.0,54000.0,3.0,110.0,1.0,0.0,1600.0,3.0,1055.0
821,7750.0,64.0,43000.0,3.0,86.0,0.0,0.0,1300.0,3.0,1015.0
822,9750.0,64.0,89145.0,3.0,86.0,1.0,0.0,1300.0,3.0,1025.0
823,8950.0,68.0,86714.0,3.0,110.0,1.0,0.0,1600.0,4.0,1035.0
824,9900.0,80.0,92255.0,3.0,107.0,0.0,1.0,1600.0,5.0,1105.0
825,13450.0,40.0,23616.0,3.0,110.0,1.0,0.0,1600.0,5.0,1075.0
826,8950.0,71.0,82000.0,3.0,110.0,1.0,0.0,1600.0,5.0,1075.0
827,11250.0,54.0,66063.0,3.0,110.0,1.0,0.0,1600.0,5.0,1090.0
828,6750.0,76.0,83405.0,3.0,110.0,1.0,0.0,1600.0,5.0,1070.0
829,7750.0,71.0,74000.0,3.0,110.0,0.0,0.0,1600.0,3.0,1050.0
830,11950.0,51.0,98040.0,3.0,110.0,0.0,0.0,1600.0,5.0,1080.0
831,9950.0,65.0,59000.0,3.0,110.0,0.0,0.0,1600.0,3.0,1050.0
832,9450.0,65.0,92226.0,3.0,110.0,0.0,0.0,1600.0,3.0,1065.0
833,8450.0,65.0,93408.0,3.0,86.0,0.0,0.0,1300.0,3.0,1015.0
834,8500.0,69.0,197501.0,2.0,72.0,0.0,0.0,2000.0,5.0,1135.0
835,10950.0,38.0,41754.0,3.0,110.0,0.0,0.0,1600.0,3.0,1040.0
836,8450.0,63.0,88685.0,3.0,110.0,0.0,0.0,1600.0,5.0,1070.0
837,7250.0,80.0,122820.0,3.0,86.0,0.0,0.0,1300.0,5.0,1040.0
838,12000.0,56.0,61000.0,3.0,110.0,1.0,0.0,1600.0,3.0,1050.0
839,8250.0,76.0,84472.0,3.0,110.0,1.0,0.0,1600.0,5.0,1070.0
840,10450.0,62.0,85000.0,3.0,110.0,1.0,0.0,1600.0,3.0,1050.0
841,8950.0,69.0,75000.0,3.0,86.0,1.0,0.0,1300.0,4.0,1000.0
842,7750.0,76.0,45410.0,3.0,86.0,1.0,0.0,1300.0,5.0,1035.0
843,8950.0,59.0,76162.0,3.0,110.0,1.0,0.0,1600.0,5.0,1075.0
844,7800.0,65.0,66000.0,3.0,86.0,1.0,0.0,1300.0,3.0,1015.0
845,13995.0,35.0,41000.0,3.0,110.0,1.0,0.0,1600.0,5.0,1075.0
846,11450.0,50.0,50400.0,3.0,110.0,0.0,0.0,1600.0,5.0,1080.0
847,7950.0,64.0,132393.0,2.0,72.0,0.0,0.0,2000.0,5.0,1135.0
848,8500.0,62.0,105000.0,3.0,86.0,0.0,0.0,1300.0,5.0,1040.0
849,7950.0,80.0,34000.0,3.0,86.0,1.0,0.0,1300.0,4.0,1000.0
850,11895.0,41.0,39439.0,3.0,97.0,0.0,0.0,1400.0,5.0,1060.0
851,9450.0,66.0,15110.0,3.0,86.0,0.0,0.0,1300.0,5.0,1035.0
852,10950.0,65.0,49942.0,3.0,110.0,0.0,0.0,1600.0,3.0,1065.0
853,12495.0,39.0,50873.0,3.0,110.0,1.0,0.0,1600.0,5.0,1075.0
854,7950.0,76.0,124591.0,3.0,110.0,1.0,0.0,1600.0,5.0,1075.0
855,8750.0,68.0,101889.0,3.0,110.0,1.0,0.0,1600.0,5.0,1075.0
856,8750.0,47.0,69000.0,2.0,69.0,1.0,0.0,1900.0,5.0,1140.0
857,11500.0,65.0,53053.0,3.0,110.0,1.0,0.0,1600.0,5.0,1075.0
858,8750.0,79.0,98742.0,3.0,110.0,0.0,0.0,1600.0,5.0,1085.0
859,8750.0,79.0,89739.0,3.0,86.0,1.0,0.0,1300.0,5.0,1035.0
860,8950.0,73.0,112963.0,2.0,72.0,1.0,0.0,2000.0,5.0,1135.0
861,8450.0,65.0,80439.0,3.0,110.0,1.0,0.0,1600.0,4.0,1035.0
862,11690.0,33.0,57269.0,3.0,110.0,1.0,0.0,1600.0,5.0,1075.0
863,11650.0,39.0,37782.0,3.0,97.0,1.0,0.0,1400.0,5.0,1060.0
864,7950.0,58.0,43000.0,1.0,110.0,1.0,1.0,1600.0,4.0,1114.0
865,9950.0,53.0,57948.0,3.0,97.0,1.0,0.0,1400.0,3.0,1025.0
866,15950.0,19.0,51884.0,3.0,97.0,1.0,0.0,1400.0,3.0,1100.0
867,12500.0,41.0,39659.0,3.0,110.0,1.0,0.0,1600.0,3.0,1045.0
868,7450.0,65.0,82000.0,3.0,86.0,1.0,0.0,1300.0,3.0,1015.0
869,9950.0,65.0,63000.0,3.0,86.0,1.0,1.0,1300.0,5.0,1065.0
870,11950.0,39.0,98823.0,1.0,110.0,1.0,0.0,1600.0,5.0,1119.0
871,6950.0,75.0,65006.0,3.0,86.0,1.0,0.0,1300.0,3.0,1015.0
872,12900.0,38.0,22865.0,3.0,110.0,1.0,0.0,1600.0,5.0,1075.0
873,16950.0,30.0,64359.0,3.0,110.0,1.0,0.0,1600.0,3.0,1105.0
874,7400.0,75.0,73460.0,3.0,110.0,1.0,0.0,1600.0,5.0,1070.0
875,8250.0,65.0,74179.0,3.0,110.0,1.0,0.0,1600.0,3.0,1050.0
876,8990.0,65.0,76155.0,3.0,110.0,1.0,0.0,1600.0,4.0,1035.0
877,10750.0,54.0,60239.0,3.0,110.0,1.0,0.0,1600.0,5.0,1075.0
878,7500.0,71.0,48576.0,3.0,86.0,1.0,0.0,1300.0,3.0,1015.0
879,10350.0,60.0,55085.0,3.0,107.0,0.0,1.0,1600.0,5.0,1105.0
880,8950.0,66.0,60000.0,3.0,86.0,1.0,0.0,1300.0,3.0,1015.0
881,11450.0,49.0,86221.0,3.0,110.0,0.0,0.0,1600.0,3.0,1045.0
882,6500.0,72.0,110634.0,3.0,86.0,1.0,0.0,1300.0,3.0,1015.0
883,10500.0,54.0,63135.0,3.0,110.0,1.0,0.0,1600.0,3.0,1050.0
884,9950.0,68.0,80426.0,3.0,110.0,1.0,0.0,1600.0,3.0,1055.0
885,9950.0,58.0,61343.0,3.0,110.0,1.0,0.0,1600.0,5.0,1075.0
886,14750.0,40.0,80425.0,2.0,90.0,1.0,0.0,2000.0,5.0,1205.0
887,11950.0,54.0,101352.0,3.0,110.0,0.0,0.0,1600.0,5.0,1080.0
888,10950.0,57.0,55000.0,3.0,110.0,0.0,0.0,1600.0,5.0,1075.0
889,17950.0,22.0,72215.0,2.0,90.0,1.0,0.0,2000.0,5.0,1255.0
890,8750.0,80.0,82021.0,3.0,86.0,1.0,0.0,1300.0,5.0,1035.0
891,16500.0,19.0,27821.0,3.0,97.0,0.0,0.0,1400.0,5.0,1110.0
892,12950.0,38.0,48197.0,3.0,110.0,1.0,0.0,1600.0,5.0,1075.0
